Workbook

Sheet Respuestas de formulario 1
A1: Marca temporal | B1: Dirección de correo electrónico | C1: Demuestro capacidad para hacer las cosas por mí mismo | D1: Gestiono el tiempo de manera excelente, demostrando eficiencia y una planificación avanzada | E1: Realizo mis tareas sin la ayuda de nadie | F1: Soy capaz de establecer objetivos para realizar cualquier tarea | G1: Pongo en marcha acciones sin que nadie me diga nada | H1: Soy capaz de analizar las diferentes situaciones y actuar de forma correcta sin necesidad de ayuda | I1: Soy capaz de ajustarme a diferentes contextos y situaciones | J1: Demuestro gran flexibilidad ante los cambios, normas, equipos, herramientas... | K1: Reacciono de formas positiva a los cambios o imprevistos, demostrando un temperamento admirable | L1: Ante lo desconocido mantengo la calma, analizo la situación y ajusto mi comportamientos y mis acciones en base a lo que necesite cada situación | M1: Soy capaz de adaptarme a los cambios de forma inmediata, mostrando agilidad y disposición al cambio | N1: Soy capaz de aplicar lo aprendido en cualquier contexto (examen, presentación, documento, proyecto, empresa...) | O1: Las herramientas que conozco o me han enseñado soy capaz de manejarlas de una manera excelente (Word, Excel, power point, contasol, Factusol, canva…) | P1: Investigo sobre nuevas aplicaciones para saber cómo utilizarlas | Q1: Utilizo correctamente las TICs para resolver los problemas (presentaciones, investigación, trabajo cooperativo, realización de documentos, ejercicios…), generando contenido digitales de gran calidad | R1: Soy capaz de valorar, de forma crítica, la idoneidad de determinadas herramientas para alcanzar un resultado óptimo | S1: Elijo cuidadosamente y con criterio los términos de búsqueda y las fuentes de búsqueda para obtener información relevante, más completa y selectiva (webs, artículos, libros, investigaciones, sitios webs, referencias bibliográficas de otros autores, IA…) | T1: Soy capaz de trabajar en entornos digitales colaborativos con otras personas de manera óptima | U1: Respeto la propiedad intelectual y los derechos de autor | V1: Adapto mi lenguaje verbal y no verbal (tono, gestos) al contexto (formal, informal, profesional…) y a las personas (amigos, compañeros, profesorado, empresa...) | W1: Respeto el turno de palabra dejando hablar al resto | X1: Interrumpo cuando otra persona habla | Y1: Levanto la mano para hablar | Z1: Intervengo sólo cuando me corresponde | AA1: Utilizo un vocabulario adecuado al contexto, situación y personas | AB1: Cuando hablo, aunque no lo haga queriendo, ataco con la palabra, la mirada, los gestos o lo que sea | AC1: Aplico la escucha activa | AD1: Tengo empatía con todas las personas | AE1: Expongo argumentos, pensamientos, opiniones o sentimientos de manera asertiva | AF1: Realizo presentaciones en público excelentes, tanto en mi comunicación verbal como no verbal (mirada, postura, gestos, voz…) | AG1: Mi comunicación no verbal durante el día a día es excelente en todos los ámbitos (manera de sentarme, de expresarme, gestos…) | AH1: Escribo sin faltas de ortografía o gramática | AI1: Demuestro capacidad de síntesis, tanto de forma oral como escrita | AJ1: Utilizo una escritura clara, precisa y organizada que hace que se entienda lo que escribo | AK1: Comprendo lo que se me pide oralmente | AL1: Comprende lo que leo | AM1: Me enfado cuando me dicen algo que no me gusta o que va en contra de mi pensamiento | AN1: Demuestro iniciativa, yendo más allá de lo que se espera de mí | AO1: En caso de que el profe/la profe pregunte algo, respondo de forma voluntaria | AP1: Si hay que salir a hacer algo, soy la primera en hacerlo sin que nadie me diga nada | AQ1: Conozco los riesgos de llevar a cabo alguna acción | AR1: Lleva a cabo/realizo soluciones para acabar algo (trabajo, prueba, proyecto…) | AS1: Soy capaz de identificar oportunidades donde emprender | AT1: Pienso, desarrollo/planteo y ejecuto planes de actuación de manera eficaz | AU1: Propongo ideas nuevas o mejoras en lo que se está haciendo (trabajos, proyectos, ejercicios, clases…) | AV1: Demuestro una generación de ideas nuevas/originales constante | AW1: Resuelvo los problemas/retos/proyectos…de una manera nueva/original | AX1: Aporto soluciones nuevas y creativas, elevando la calidad del trabajo, ya sea en equipo o individual | AY1: Cumplo con las normas establecidas | AZ1: No tengo apercibimientos, CCC, CGP, pérdidas de evaluación… | BA1: No tengo faltas injustificadas ya que, cuando falto, aviso con antelación y traigo el justificante al momento | BB1: Soy puntual, tanto en las entregas como en llegar a los sitios | BC1: En caso de no poder cumplir con mis compromisos doy las explicaciones pertinentes en tiempo y forma | BD1: Hago lo que me he comprometido a hacer | BE1: Asumo las consecuencias de mis actos de buenas formas, mostrando madurez | BF1: Si me equivoco, lo reconozco y actúo para corregir el error en lugar de esconderme o echar la culpa a otras personas | BG1: Busco mejorar en lugar de evadir responsabilidades | BH1: Soy capaz de establecer rutinas de estudio, gestionar mi tiempo y resistirme a las distracciones para lograr mis objetivos | BI1: Cuando termino mi trabajo, ofrezco mi ayuda al resto del equipo | BJ1: Me comunico de manera asertiva, facilitando un diálogo abierto, comprensible y cómodo | BK1: Soy capaz de organizar el trabajo en equipo | BL1: Soy capaz de coordinar a todas las personas del equipo | BM1: Comparto opiniones con el resto de mi equipo | BN1: Pregunto al resto si tienen dudas | BO1: Pregunto al equipo cuando tengo dudas | BP1: Escucho activamente al resto | BQ1: Superviso el desarrollo del trabajo de cada persona | BR1: Asumo el liderazgo | BS1: Motivo al resto cuando no tienen ganas o motivación por algo | BT1: Apoyo al resto | BU1: Tengo una actitud activa | BV1: Tengo una actitud positiva | BW1: Soy una persona conflictiva | BX1: En caso de conflicto, busco y aporto soluciones al equipo | BY1: Soy capaz de proponer las tareas que hay que realizar antes que nadie | BZ1: Acepto el papel/rol/tarea que me haya tocado | CA1: Me comprometo con lo que el equipo decide | CB1: Cumplo con el papel/rol/tarea que me haya tocado | CC1: Trato de mantener la unión del equipo | CD1: Autonomía | CE1: Adaptación al entorno | CF1: Competencia digital | CG1: Comunicación | CH1: Emprendimiento / Innovación | CI1: Responsabilidad | CJ1: Trabajo en equipo | CK1: T.N. Autonomía | CL1: T.N. Adaptación al entorno | CM1: T.N. Competencia digital | CN1: T.N. Comunicación | CO1: T.N. Emprendimiento / Innovación | CP1: T.N. Responsabilidad | CQ1: T.N. Trabajo en equipo | CR1: Txt Autonomía | CS1: Txt Adaptación al entorno | CT1: Txt Competencia digital | CU1: Txt Comunicación | CV1: Txt Emprendimiento / Innovación | CW1: Txt Responsabilidad | CX1: Txt Trabajo en equipo | CY1: Merged Doc ID - Autoperfil Job | CZ1: Merged Doc URL - Autoperfil Job | DA1: Link to merged Doc - Autoperfil Job | DB1: Document Merge Status - Autoperfil Job
CD2: =SUM( IFERROR( VLOOKUP(B2, Config!$A:$B, 2, FALSE ), 0 ),IFERROR( VLOOKUP(C2, Config!$A:$B, 2, FALSE ), 0 ),IFERROR( VLOOKUP(D2, Config!$A:$B, 2, FALSE ), 0 ),IFERROR( VLOOKUP(E2, Config!$A:$B, 2, FALSE ), 0 ),IFERROR( VLOOKUP(F2, Config!$A:$B, 2, FALSE ), 0 ), IFERROR( VLOOKUP(G2, Config!$A:$B, 2, FALSE ), 0 ),) -> 0 | CE2: =SUM( IFERROR( VLOOKUP(H2, Config!$A:$B, 2, FALSE ), 0 ),IFERROR( VLOOKUP(I2, Config!$A:$B, 2, FALSE ), 0 ),IFERROR( VLOOKUP(J2, Config!$A:$B, 2, FALSE ), 0 ),IFERROR( VLOOKUP(K2, Config!$A:$B, 2, FALSE ), 0 ),IFERROR( VLOOKUP(L2, Config!$A:$B, 2, FALSE ), 0 ), IFERROR( VLOOKUP(M2, Config!$A:$B, 2, FALSE ), 0 ),) -> 0 | CF2: =SUM( IFERROR( VLOOKUP(N2, Config!$A:$B, 2, FALSE ), 0 ),IFERROR( VLOOKUP(O2, Config!$A:$B, 2, FALSE ), 0 ),IFERROR( VLOOKUP(P2, Config!$A:$B, 2, FALSE ), 0 ),IFERROR( VLOOKUP(Q2, Config!$A:$B, 2, FALSE ), 0 ),IFERROR( VLOOKUP(R2, Config!$A:$B, 2, FALSE ), 0 ), IFERROR( VLOOKUP(S2, Config!$A:$B, 2, FALSE ), 0 ),) -> 0 | CG2: =SUM( IFERROR( VLOOKUP(T2, Config!$A:$B, 2, FALSE ), 0 ),IFERROR( VLOOKUP(V2, Config!$A:$B, 2, FALSE ), 0 ),3-IFERROR( VLOOKUP(W2, Config!$A:$B, 2, FALSE ), 0 ),IFERROR( VLOOKUP(X2, Config!$A:$B, 2, FALSE ), 0 ),IFERROR( VLOOKUP(Y2, Config!$A:$B, 2, FALSE ), 0 ), IFERROR( VLOOKUP(Z2, Config!$A:$B, 2, FALSE ), 0 ), 3- IFERROR( VLOOKUP(AA2, Config!$A:$B, 2, FALSE ), 0 ), IFERROR( VLOOKUP(AB2, Config!$A:$B, 2, FALSE ), 0 ), IFERROR( VLOOKUP(AC2, Config!$A:$B, 2, FALSE ), 0 ), IFERROR( VLOOKUP(AD2, Config!$A:$B, 2, FALSE ), 0 ), IFERROR( VLOOKUP(AE2, Config!$A:$B, 2, FALSE ), 0 ), IFERROR( VLOOKUP(AF2, Config!$A:$B, 2, FALSE ), 0 ), IFERROR( VLOOKUP(AG2, Config!$A:$B, 2, FALSE ), 0 ), IFERROR( VLOOKUP(AH2, Config!$A:$B, 2, FALSE ), 0 ), IFERROR( VLOOKUP(Z2, Config!$A:$B, 2, FALSE ), 0 )) -> 6 | CH2: =SUM( IFERROR( VLOOKUP(AJ2, Config!$A:$B, 2, FALSE ), 0 ),IFERROR( VLOOKUP(AK2, Config!$A:$B, 2, FALSE ), 0 ),3-IFERROR( VLOOKUP(AL2, Config!$A:$B, 2, FALSE ), 0 ),IFERROR( VLOOKUP(AM2, Config!$A:$B, 2, FALSE ), 0 ),IFERROR( VLOOKUP(AN2, Config!$A:$B, 2, FALSE ), 0 ), IFERROR( VLOOKUP(AO2, Config!$A:$B, 2, FALSE ), 0 ), IFERROR( VLOOKUP(AP2, Config!$A:$B, 2, FALSE ), 0 ), IFERROR( VLOOKUP(AQ2, Config!$A:$B, 2, FALSE ), 0 ), IFERROR( VLOOKUP(AR2, Config!$A:$B, 2, FALSE ), 0 ), IFERROR( VLOOKUP(AS2, Config!$A:$B, 2, FALSE ), 0 ), IFERROR( VLOOKUP(AT2, Config!$A:$B, 2, FALSE ), 0 ), IFERROR( VLOOKUP(AV2, Config!$A:$B, 2, FALSE ), 0 )) -> 3 | CI2: =SUM( IFERROR( VLOOKUP(AW2, Config!$A:$B, 2, FALSE ), 0 ),IFERROR( VLOOKUP(AX2, Config!$A:$B, 2, FALSE ), 0 ),IFERROR( VLOOKUP(AY2, Config!$A:$B, 2, FALSE ), 0 ),IFERROR( VLOOKUP(AZ2, Config!$A:$B, 2, FALSE ), 0 ),IFERROR( VLOOKUP(BA2, Config!$A:$B, 2, FALSE ), 0 ), IFERROR( VLOOKUP(BB2, Config!$A:$B, 2, FALSE ), 0 ), IFERROR( VLOOKUP(BC2, Config!$A:$B, 2, FALSE ), 0 ), IFERROR( VLOOKUP(BD2, Config!$A:$B, 2, FALSE ), 0 ), IFERROR( VLOOKUP(BE2, Config!$A:$B, 2, FALSE ), 0 ),) -> 0 | CJ2: =SUM( IFERROR( VLOOKUP(BF2, Config!$A:$B, 2, FALSE ), 0 ),IFERROR( VLOOKUP(BG2, Config!$A:$B, 2, FALSE ), 0 ),IFERROR( VLOOKUP(BH2, Config!$A:$B, 2, FALSE ), 0 ),IFERROR( VLOOKUP(BI2, Config!$A:$B, 2, FALSE ), 0 ),IFERROR( VLOOKUP(BJ2, Config!$A:$B, 2, FALSE ), 0 ), IFERROR( VLOOKUP(BK2, Config!$A:$B, 2, FALSE ), 0 ), IFERROR( VLOOKUP(BL2, Config!$A:$B, 2, FALSE ), 0 ), IFERROR( VLOOKUP(BM2, Config!$A:$B, 2, FALSE ), 0 ), IFERROR( VLOOKUP(BN2, Config!$A:$B, 2, FALSE ), 0 ),IFERROR( VLOOKUP(BO2, Config!$A:$B, 2, FALSE ), 0 ), IFERROR( VLOOKUP(BP2, Config!$A:$B, 2, FALSE ), 0 ), IFERROR( VLOOKUP(BQ2, Config!$A:$B, 2, FALSE ), 0 ), IFERROR( VLOOKUP(BR2, Config!$A:$B, 2, FALSE ), 0 ), IFERROR( VLOOKUP(BS2, Config!$A:$B, 2, FALSE ), 0 ),IFERROR( VLOOKUP(BT2, Config!$A:$B, 2, FALSE ), 0 ), 3 - IFERROR( VLOOKUP(BV2, Config!$A:$B, 2, FALSE ), 0 ), IFERROR( VLOOKUP(BW2, Config!$A:$B, 2, FALSE ), 0 ), IFERROR( VLOOKUP(BX2, Config!$A:$B, 2, FALSE ), 0 ), IFERROR( VLOOKUP(BY2, Config!$A:$B, 2, FALSE ), 0 ),IFERROR( VLOOKUP(BZ2, Config!$A:$B, 2, FALSE ), 0 ), IFERROR( VLOOKUP(CA2, Config!$A:$B, 2, FALSE ), 0 ), IFERROR( VLOOKUP(CB2, Config!$A:$B, 2, FALSE ), 0 )) -> 3 | CK2: =LET(p,CD2,m,Config!$F$2,IFS(p<=m/3,"Incipiente",p<=2*m/3,"En desarrollo",TRUE,"Consolidado")) -> #REF! | CL2: =LET(p,CE2,m,Config!$F$3,IFS(p<=m/3,"Incipiente",p<=2*m/3,"En desarrollo",TRUE,"Consolidado")) -> #REF! | CM2: =LET(p,CF2,m,Config!$F$4,IFS(p<=m/3,"Incipiente",p<=2*m/3,"En desarrollo",TRUE,"Consolidado")) -> #REF! | CN2: =LET(p,CG2,m,Config!$F$5,IFS(p<=m/3,"Incipiente",p<=2*m/3,"En desarrollo",TRUE,"Consolidado")) -> #REF! | CO2: =LET(p,CH2,m,Config!$F$6,IFS(p<=m/3,"Incipiente",p<=2*m/3,"En desarrollo",TRUE,"Consolidado")) -> #REF! | CP2: =LET(p,CI2,m,Config!$F$7,IFS(p<=m/3,"Incipiente",p<=2*m/3,"En desarrollo",TRUE,"Consolidado")) -> #REF! | CQ2: =LET(p,CJ2,m,Config!$F$8,IFS(p<=m/3,"Incipiente",p<=2*m/3,"En desarrollo",TRUE,"Consolidado")) -> #REF! | CR2: =VLOOKUP(CK2, Perfiles_CC!$B$2:$C$4, 2, FALSE) -> #REF! | CS2: =VLOOKUP(CL2, Perfiles_CC!$B$5:$C$7, 2, FALSE) -> #REF! | CT2: =VLOOKUP(CM2, Perfiles_CC!$B$8:$C$10, 2, FALSE) -> #REF! | CU2: =VLOOKUP(CN2, Perfiles_CC!$B$11:$C$13, 2, FALSE) -> #REF! | CV2: =VLOOKUP(CO2, Perfiles_CC!$B$14:$C$16, 2, FALSE) -> #REF! | CW2: =VLOOKUP(CP2, Perfiles_CC!$B$17:$C$19, 2, FALSE) -> #REF! | CX2: =VLOOKUP(CQ2, Perfiles_CC!$B$20:$C$22, 2, FALSE) -> #REF!

Sheet Perfiles_CC
A1: CC | B1: Nivel | C1: Texto | D1: Clave
A2: Autonomía | B2: Incipiente | C2: Todavía necesitas apoyo externo para organizar tu trabajo y gestionar tiempos. Recuerda que la autonomía implica planificar y tomar decisiones por ti mismo/a. Pide al profesor ayuda para priorizar tareas y divide las actividades en pasos pequeños. | D2: =A2&" | "&B2 -> Autonomía | Incipiente
A3: Autonomía | B3: En desarrollo | C3: Vas mejorando en trabajar solo/a y decidir. Refuerza planificación y gestión del tiempo: usa una lista diaria, estima tiempos y revisa tu avance al final del día. | D3: =A3&" | "&B3 -> Autonomía | En desarrollo
A4: Autonomía | B4: Consolidado | C4: Gestionas bien tu tiempo y tomas decisiones con criterio. Súmate a proyectos más complejos y comparte tu forma de organizarte con tus compañeros. | D4: =A4&" | "&B4 -> Autonomía | Consolidado
A5: Adaptación al entorno | B5: Incipiente | C5: Te cuesta adaptarte a cambios o situaciones nuevas. Observa estrategias positivas de otros, pregunta cuando algo no esté claro y practica respuestas alternativas antes de actuar. | D5: =A5&" | "&B5 -> Adaptación al entorno | Incipiente
A6: Adaptación al entorno | B6: En desarrollo | C6: Sueles adaptarte; trabaja mantener la calma ante lo imprevisto y piensa dos o tres opciones posibles antes de decidir. | D6: =A6&" | "&B6 -> Adaptación al entorno | En desarrollo
A7: Adaptación al entorno | B7: Consolidado | C7: Te adaptas con facilidad y actitud positiva. Da un paso más: lidera en momentos de cambio y apoya a quienes lo necesiten. | D7: =A7&" | "&B7 -> Adaptación al entorno | Consolidado
A8: Competencia digital | B8: Incipiente | C8: Te falta seguridad con herramientas digitales. Reserva 30’ semanales para explorar una herramienta nueva y realiza una mini-tarea guiada. Pide ejemplos de buena práctica. | D8: =A8&" | "&B8 -> Competencia digital | Incipiente
A9: Competencia digital | B9: En desarrollo | C9: Dominas varias herramientas y empiezas a investigar otras. Refuerza el criterio de fuentes y cuida la calidad estética/estructura de tus entregas. | D9: =A9&" | "&B9 -> Competencia digital | En desarrollo
A10: Competencia digital | B10: Consolidado | C10: Usas herramientas con solvencia, investigas por tu cuenta y aplicas criterio crítico. Mantén el ritmo y ofrece apoyo puntual a tus compañeros. | D10: =A10&" | "&B10 -> Competencia digital | Consolidado
A11: Comunicación | B11: Incipiente | C11: A veces interrumpes o cuesta expresar ideas con claridad. Practica turnos de palabra, escucha activa y revisa ortografía en tus textos. | D11: =A11&" | "&B11 -> Comunicación | Incipiente
A12: Comunicación | B12: En desarrollo | C12: Te comunicas bien en general; mejora la comunicación no verbal y la síntesis. Ensaya presentaciones breves (1–3 min) y pide feedback. | D12: =A12&" | "&B12 -> Comunicación | En desarrollo
A13: Comunicación | B13: Consolidado | C13: Comunicación clara y adaptada al contexto. Busca más ocasiones para hablar en público y afina tu lenguaje no verbal. | D13: =A13&" | "&B13 -> Comunicación | Consolidado
... A22: Trabajo en equipo | B22: Consolidado | C22: Colaboras, motivas y cumples tu rol. Coordina tareas, da seguimiento y cuida el clima del equipo. | D22: =A22&" | "&B22 -> Trabajo en equipo | Consolidado

Sheet NVScriptsProperties
A1: autocratn | B1: autocratp
A2: dataSheetName | B2: "Respuestas de formulario 1"
A3: v | B3: "5.1"
A4: activeMergeId | B4: ""
A5: dataSheetId | B5: "7.11724248E8"
A6: updateTime | B6: "1.777449236684E12"
A7: vp | B7: "5.1"
A8: ssId | B8: "1Ih3AYKgWqOlbXE8KB3IfrGzCYttU1GcSAdIFBkBSAPM"

Sheet DO NOT DELETE - AutoCrat Job Se
A1: Job ID | B1: Job Name | C1: Template ID | D1: Data Sheet ID | E1: Header Row | F1: First Data Row | G1: File Name | H1: File Type | I1: Share As | J1: Folders | K1: Dynamic Folder Reference | L1: Conditionals | M1: Mode | N1: Append Breaks | O1: Tags | P1: Run On Time Trigger | Q1: Time Trigger Frequency | R1: Run On Form Trigger | S1: Send Email And Share | T1: Email To | U1: Email CC | V1: Email BCC | W1: Email Reply To | X1: Email No Reply | Y1: Email Subject | Z1: Email Body | AA1: Prevent Resharing | AB1: Time Trigger Timestamp | AC1: Form Trigger Timestamp
A2: _1758282457952 | B2: Autoperfil Job | C2: 1a5ixYVTsiNsyMtPVUmLsnKSBMGVhm6y1ID6OIopC4Tk | D2: 711724248 | E2: 1 | F2: 2 | G2: Perfil Salida CC | H2: PDF | I2: PDF | J2: ["1NXKkoslro6wBC04cSLF9DeI-0OSiwP1v"] | K2: [] | L2: [{"headerMap":"Dirección de correo electrónico","value":"NOT NULL"}] | M2: MULTIPLE_OUTPUT | O2: [{"tag":"Feedback_Autonomía","type":"STANDARD","details":{"isUnmapped":false,"headerMap":"Txt Autonomía"}},{"tag":"Feedback_Adaptación al entorno","type":"STANDARD","details":{"isUnmapped":false,"headerMap":"Txt Adaptación al entorno"}},{"tag":"Feedback_Competencia digital","type":"STANDARD","details":{"isUnmapped":false,"headerMap":"Txt Competencia digital"}},{"tag":"Feedback_Emprendimiento / Innovación","type":"STANDARD","details":{"isUnmapped":false,"headerMap":"Txt Emprendimiento / Innovación"}},{"tag":"Feedback_Comunicación","type":"STANDARD","details":{"isUnmapped":false,"headerMap":"Txt Comunicación"}},{"tag":"Feedback_Responsabilidad","type":"STANDARD","details":{"isUnmapped":false,"headerMap":"Txt Responsabilidad"}},{"tag":"Feedback_Trabajo en equipo","type":"STANDARD","details":{"isUnmapped":false,"headerMap":"Txt Trabajo en equipo"}}] | P2: TRUE | Q2: 1 | R2: TRUE | S2: TRUE | T2: <<Dirección de correo electrónico>> | X2: TRUE | Y2: Perfil de CCs Autogenerado | Z2: <<Closing>> | AA2: TRUE | AB2: 2026-08-30T04:38:15.675Z | AC2: 2025-09-21T12:04:08.749Z
